Company,,Date,BTC Balance,Change,Cost Basis,Market Price
MicroStrategy,,Jan 27 2025,471107.0,10107.0,30424210000
MicroStrategy,,Jan 21 2025,461000.0,11000.0,29324210000
MicroStrategy,,Jan 13 2025,450000.0,2530.0,28210950000
MicroStrategy,,Jan 06 2025,447470.0,1070.0,27970000000
MicroStrategy,,Dec 30 2024,446400.0,0.0,27900000000
MicroStrategy,,Dec 30 2024,446400.0,2138.0,29000000000
MicroStrategy,,Dec 23 2024,444262.0,5262.0,27700000000
MicroStrategy,,Dec 15 2024,439000.0,15350.0,27097240330
MicroStrategy,,Dec 08 2024,423650.0,21550.0,25556315230
MicroStrategy,,Dec 02 2024,402100.0,15400.0,23427541580
MicroStrategy,,Nov 24 2024,386700.0,55500.0,21949511180
MicroStrategy,,Nov 17 2024,331200.0,51780.0,16518170180
MicroStrategy,,Nov 11 2024,279420.0,27200.0,11929064120
MicroStrategy,,Sep 20 2024,252220.0,7420.0,9903670520
MicroStrategy,,Sep 13 2024,244800.0,18300.0,9450000000
MicroStrategy,,Aug 01 2024,226500.0,169.0,8300000000
MicroStrategy,,Jun 20 2024,226331.0,11931.0,8330000000
MicroStrategy,,Apr 29 2024,214400.0,122.0,7542592000
MicroStrategy,,Mar 31 2024,214278.0,32.0,7535000000
MicroStrategy,,Mar 19 2024,214246.0,9246.0,7533000000
MicroStrategy,,Mar 10 2024,205000.0,12000.0,6910000000
MicroStrategy,,Feb 26 2024,193000.0,3000.0,6087992000
MicroStrategy,,Feb 06 2024,190000.0,850.0,5930000000
MicroStrategy,,Dec 26 2023,189150.0,14620.0,5895000000
MicroStrategy,,Nov 29 2023,174530.0,16130.0,5280000000
MicroStrategy,,Oct 31 2023,158400.0,155.0,4686422400
MicroStrategy,,Sep 24 2023,158245.0,5445.0,4681203590
MicroStrategy,,Jul 31 2023,152800.0,467.0,4530000000
MicroStrategy,,Jun 28 2023,152333.0,12333.0,4520000000
MicroStrategy,,Apr 06 2023,140000.0,1045.0,4170000000
MicroStrategy,,Mar 23 2023,138955.0,6455.0,4140000000
MicroStrategy,,Dec 27 2022,132500.0,2500.0,4027052651
MicroStrategy,,Sep 20 2022,130000.0,301.0,3982375151
MicroStrategy,,Jun 29 2022,129699.0,481.0,3976400000
MicroStrategy,,Apr 04 2022,129218.0,4167.0,3966400000
MicroStrategy,,Jan 31 2022,125051.0,660.0,3775900000
MicroStrategy,,Dec 30 2021,124391.0,1914.0,3750900000
MicroStrategy,,Dec 09 2021,122477.0,1434.0,3656700000
MicroStrategy,,Nov 29 2021,121043.0,7002.0,3574300000
MicroStrategy,,Sep 12 2021,114041.0,5050.0,3159900000
MicroStrategy,,Aug 23 2021,108991.0,3907.0,2917000000
MicroStrategy,,Jun 21 2021,105084.0,13005.0,2740000000
MicroStrategy,,May 18 2021,92079.0,229.0,2251000000
MicroStrategy,,May 13 2021,91850.0,271.0,2241000000
MicroStrategy,,Apr 05 2021,91579.0,253.0,2226000000
MicroStrategy,,Mar 12 2021,91326.0,262.0,2211000000
MicroStrategy,,Mar 05 2021,91064.0,205.0,2196000000
MicroStrategy,,Mar 01 2021,90859.0,328.0,2186000000
MicroStrategy,,Feb 24 2021,90531.0,19452.0,2171000000
MicroStrategy,,Feb 02 2021,71079.0,295.0,1145000000
MicroStrategy,,Jan 22 2021,70784.0,314.0,1135000000
MicroStrategy,,Dec 21 2020,70470.0,29646.0,1125000000
MicroStrategy,,Dec 05 2020,40824.0,2574.0,475000000
MicroStrategy,,Sep 14 2020,38250.0,16796.0,425000000
MicroStrategy,,Aug 11 2020,21454.0,21454.0,250000000
Tesla,,Jun 30 2022,9720.0,-29160.0,337500000
Tesla,,Mar 31 2021,38880.0,-4320.0,1350000000
Tesla,,Feb 08 2021,43200.0,43200.0,1500000000
Coinbase,,Dec 31 2022,9480.0,1607.0,117000000
Coinbase,,Dec 31 2021,7873.0,3385.0,183400000
Coinbase,,Dec 31 2020,4488.0,4488.0,â
Riot Platforms,,Jan 07 2025,17722.0,293.0,99927
Riot Platforms,,Dec 16 2024,17429.0,701.0,105267
Riot Platforms,,Dec 11 2024,16728.0,5303.0,98880
Riot Platforms,,Nov 30 2024,11425.0,497.0,96710
Riot Platforms,,Nov 04 2024,10928.0,501.0,68491
Riot Platforms,,Oct 03 2024,10427.0,408.0,60808
Riot Platforms,,Aug 31 2024,10019.0,0.0,59154
Riot Platforms,,Aug 31 2024,10019.0,0.0,59154
Riot Platforms,,Aug 31 2024,10019.0,315.0,59154
Riot Platforms,,Jul 31 2024,9704.0,370.0,66021
Riot Platforms,,Jun 30 2024,9334.0,250.0,61468
Riot Platforms,,May 31 2024,9084.0,212.0,68005
Riot Platforms,,Apr 30 2024,8872.0,382.0,61827
Riot Platforms,,Mar 31 2024,8490.0,423.0,70525
Riot Platforms,,Feb 29 2024,8067.0,419.0,62077
Riot Platforms,,Feb 01 2024,7648.0,286.0,42450
Riot Platforms,,Jan 01 2024,7362.0,4.0,42882
Riot Platforms,,Nov 30 2023,7358.0,13.0,37803
Riot Platforms,,Oct 31 2023,7345.0,18.0,34413
Riot Platforms,,Sep 30 2023,7327.0,18.0,26917
Riot Platforms,,Aug 31 2023,7309.0,34.0,27297
Riot Platforms,,Jul 31 2023,7275.0,25.0,29278
Riot Platforms,,Jun 30 2023,7250.0,60.0,30467
Riot Platforms,,May 31 2023,7190.0,78.0,27714
Riot Platforms,,Apr 30 2023,7112.0,40.0,29218
Riot Platforms,,Mar 31 2023,7072.0,14.0,28041
Riot Platforms,,Feb 28 2023,7058.0,80.0,23518
Riot Platforms,,Jan 31 2023,6978.0,4.0,22840
Riot Platforms,,Dec 31 2022,6974.0,2090.0,16604
Riot Platforms,,Dec 31 2021,4884.0,3806.0,47192
Riot Platforms,,Dec 31 2020,1078.0,564.0,28837
Riot Platforms,,Jan 01 2020,514.0,514.0,7195
Block Inc.,,Sep 30 2024,8363.0,152.0,241100000
Block Inc.,,Jun 30 2024,8211.0,173.0,â
Block Inc.,,Mar 31 2024,8038.0,11.0,220000000
Block Inc.,,Feb 23 2021,8027.0,3318.0,220000000
Block Inc.,,Oct 07 2020,4709.0,4709.0,50000000
Hut 8 Mining Corp,,Jan 11 2025,10171.0,75.0,94413
Hut 8 Mining Corp,,Dec 19 2024,10096.0,974.0,100232
Hut 8 Mining Corp,,Nov 30 2024,9122.0,12.0,96710
Hut 8 Mining Corp,,Nov 05 2024,9110.0,4.0,68984
Hut 8 Mining Corp,,Sep 30 2024,9106.0,1.0,64041
Hut 8 Mining Corp,,Aug 31 2024,9105.0,-4.0,59154
Hut 8 Mining Corp,,May 06 2024,9109.0,-1.0,63933
Hut 8 Mining Corp,,Feb 29 2024,9110.0,-6.0,62077
Hut 8 Mining Corp,,Jan 31 2024,9116.0,-79.0,42930
Hut 8 Mining Corp,,Jan 05 2024,9195.0,82.0,43824
Hut 8 Mining Corp,,Nov 06 2023,9113.0,725.0,35040
Hut 8 Mining Corp,,Sep 30 2022,8388.0,982.0,19564
Hut 8 Mining Corp,,Jun 30 2022,7406.0,328.0,20109
Hut 8 Mining Corp,,May 31 2022,7078.0,618.0,31741
Hut 8 Mining Corp,,Mar 31 2022,6460.0,942.0,47063
Hut 8 Mining Corp,,Dec 31 2021,5518.0,276.0,47192
Hut 8 Mining Corp,,Nov 30 2021,5242.0,513.0,57849
Hut 8 Mining Corp,,Sep 30 2021,4729.0,489.0,41588
Hut 8 Mining Corp,,Aug 12 2021,4240.0,416.0,45652
Hut 8 Mining Corp,,Jun 30 2021,3824.0,1553.0,35969
Hut 8 Mining Corp,,Mar 31 2021,2271.0,-490.0,58669
Hut 8 Mining Corp,,Dec 31 2020,2761.0,-90.0,28837
Hut 8 Mining Corp,,Sep 30 2020,2851.0,-103.0,10838
Hut 8 Mining Corp,,Jun 30 2020,2954.0,-35.0,9185
Hut 8 Mining Corp,,Mar 31 2020,2989.0,66.0,6403
Hut 8 Mining Corp,,Dec 31 2019,2923.0,-573.0,7240
Hut 8 Mining Corp,,Sep 30 2019,3496.0,246.0,8064
Hut 8 Mining Corp,,Jun 30 2019,3250.0,635.0,11973
Hut 8 Mining Corp,,Mar 31 2019,2615.0,-420.0,4104
Hut 8 Mining Corp,,Dec 31 2018,3035.0,-59.0,3810
Hut 8 Mining Corp,,Sep 30 2018,3094.0,1431.0,6606
Hut 8 Mining Corp,,Jun 30 2018,1663.0,772.0,6182
Hut 8 Mining Corp,,Mar 31 2018,891.0,829.0,6897
Hut 8 Mining Corp,,Dec 31 2017,62.0,62.0,14840
"CleanSpark, Inc.",,Jan 09 2025,10097.0,145.0,93485
"CleanSpark, Inc.",,Jan 06 2025,9952.0,655.0,100173
"CleanSpark, Inc.",,Nov 30 2024,9297.0,596.0,96710
"CleanSpark, Inc.",,Nov 04 2024,8701.0,652.0,68491
"CleanSpark, Inc.",,Sep 30 2024,8049.0,491.0,64041
"CleanSpark, Inc.",,Aug 31 2024,7558.0,0.0,59154
"CleanSpark, Inc.",,Aug 31 2024,7558.0,476.0,59154
"CleanSpark, Inc.",,Jul 31 2024,7082.0,491.0,66021
"CleanSpark, Inc.",,Jun 30 2024,6591.0,437.0,61468
"CleanSpark, Inc.",,May 31 2024,6154.0,415.0,68005
"CleanSpark, Inc.",,Apr 30 2024,5739.0,718.0,61827
"CleanSpark, Inc.",,Mar 31 2024,5021.0,803.0,70525
"CleanSpark, Inc.",,Mar 01 2024,4218.0,645.0,61884
"CleanSpark, Inc.",,Feb 02 2024,3573.0,1262.0,43068
"CleanSpark, Inc.",,Nov 02 2023,2311.0,2168.0,35177
"CleanSpark, Inc.",,Sep 14 2022,143.0,0.0,20185
"CleanSpark, Inc.",,Sep 14 2022,143.0,143.0,20185
Galaxy Digital Holdings,,Aug 19 2024,3150.0,-850.0,58694
Galaxy Digital Holdings,,Sep 14 2022,4000.0,4000.0,20185
Hive Digital Technologies,,Jan 08 2025,2805.0,92.0,95507
Hive Digital Technologies,,Nov 30 2024,2713.0,109.0,96710
Hive Digital Technologies,,Sep 30 2024,2604.0,37.0,64041
Hive Digital Technologies,,Aug 31 2024,2567.0,71.0,59154
Hive Digital Technologies,,Jun 30 2024,2496.0,45.0,61468
Hive Digital Technologies,,May 31 2024,2451.0,164.0,68005
Hive Digital Technologies,,Mar 31 2024,2287.0,217.0,70525
Hive Digital Technologies,,Feb 21 2024,2070.0,131.0,51503
Hive Digital Technologies,,Jan 31 2024,1939.0,-18.0,42930
Hive Digital Technologies,,Jun 01 2023,1957.0,-394.1,27245
Hive Digital Technologies,,Dec 31 2022,2351.0,-233.6,16604
Hive Digital Technologies,,Mar 31 2022,2585.0,2264.0,47063
Hive Digital Technologies,,Mar 31 2021,320.7,185.7,58669
Hive Digital Technologies,,Mar 31 2020,135.0,74.96,6403
Hive Digital Technologies,,Mar 31 2019,60.07,60.07,4104
Bitfarms Limited,,Jan 02 2025,934.0,64.0,96209
Bitfarms Limited,,Nov 30 2024,870.0,-277.0,96710
Bitfarms Limited,,Sep 30 2024,1147.0,44.0,64041
Bitfarms Limited,,Aug 31 2024,1103.0,87.0,59154
Bitfarms Limited,,Jul 31 2024,1016.0,111.0,66021
Bitfarms Limited,,Jun 30 2024,905.0,55.0,61468
Bitfarms Limited,,May 31 2024,850.0,20.0,68005
Bitfarms Limited,,Apr 30 2024,830.0,24.0,61827
Bitfarms Limited,,Mar 31 2024,806.0,2.0,70525
Bitfarms Limited,,Feb 01 2024,804.0,419.0,42450
Bitfarms Limited,,Mar 20 2023,385.0,-20.0,28187
Bitfarms Limited,,Dec 31 2022,405.0,-2896.0,16604
Bitfarms Limited,,Dec 31 2021,3301.0,3301.0,47192
Cipher Mining,,Jan 07 2025,1344.0,-39.0,99927
Cipher Mining,,Nov 30 2024,1383.0,-45.0,96710
Cipher Mining,,Oct 31 2024,1428.0,-84.0,71520
Cipher Mining,,Sep 30 2024,1512.0,-772.0,64041
Cipher Mining,,Aug 31 2024,2284.0,14.0,59154
Cipher Mining,,Jul 31 2024,2270.0,61.0,66021
Cipher Mining,,Jun 30 2024,2209.0,67.0,61468
Cipher Mining,,May 31 2024,2142.0,109.0,68005
Cipher Mining,,Apr 30 2024,2033.0,292.0,61827
Cipher Mining,,Mar 31 2024,1741.0,308.0,70525
Cipher Mining,,Mar 01 2024,1433.0,301.0,61884
Cipher Mining,,Jan 01 2024,1132.0,667.0,42882
Cipher Mining,,Mar 01 2023,465.0,465.0,23156
"NEXON Co., Ltd",,Apr 28 2021,1717.0,1717.0,99974042
DMG Blockchain Solutions Inc.,,Nov 30 2024,423.0,24.0,96710
DMG Blockchain Solutions Inc.,,Oct 31 2024,399.0,-69.0,71520
DMG Blockchain Solutions Inc.,,Jan 31 2024,468.0,248.0,42930
DMG Blockchain Solutions Inc.,,Sep 14 2022,220.0,0.0,20185
DMG Blockchain Solutions Inc.,,Sep 14 2022,220.0,220.0,20185
Argo Blockchain PLC,,Nov 30 2024,3.0,-8.0,96710
Argo Blockchain PLC,,Jun 30 2024,11.0,0.0,61468
Argo Blockchain PLC,,Mar 31 2024,11.0,11.0,70525
Metaplanet Inc.,,Dec 23 2024,1762.0,619.7,136018791
Metaplanet Inc.,,Nov 19 2024,1142.0,124.1,75359392
Metaplanet Inc.,,Oct 28 2024,1018.0,156.8,63995756
Metaplanet Inc.,,Oct 16 2024,861.4,5.909,53582683
Metaplanet Inc.,,Oct 15 2024,855.5,107.0,53194786
Metaplanet Inc.,,Oct 11 2024,748.5,109.0,46483377
Metaplanet Inc.,,Oct 07 2024,639.5,108.8,39735739
Metaplanet Inc.,,Oct 03 2024,530.7,23.97,32933018
Metaplanet Inc.,,Oct 01 2024,506.7,107.9,31443093
Metaplanet Inc.,,Sep 10 2024,398.8,38.46,24450087
Metaplanet Inc.,,Aug 20 2024,360.4,57.27,22344824
Metaplanet Inc.,,Aug 13 2024,303.1,57.11,18943464
Metaplanet Inc.,,Jul 22 2024,246.0,20.38,15560514
Metaplanet Inc.,,Jul 16 2024,225.6,21.88,14286656
Metaplanet Inc.,,Jul 08 2024,203.7,42.47,13028795
Metaplanet Inc.,,Jul 01 2024,161.3,20.19,10544323
Metaplanet Inc.,,Jun 11 2024,141.1,23.35,9298217
Metaplanet Inc.,,May 10 2024,117.7,19.87,7700773
Metaplanet Inc.,,Apr 23 2024,97.85,97.85,6459406
Fidelity Wise Origin Bitcoin Fund,,Jan 27 2025,214136.0,1769.0,100419
Fidelity Wise Origin Bitcoin Fund,,Jan 23 2025,212367.0,3298.0,103230
Fidelity Wise Origin Bitcoin Fund,,Jan 16 2025,209069.0,3406.0,98035
Fidelity Wise Origin Bitcoin Fund,,Jan 13 2025,205663.0,175.0,93018
Fidelity Wise Origin Bitcoin Fund,,Jan 11 2025,205488.0,2688.0,94413
Fidelity Wise Origin Bitcoin Fund,,Dec 30 2024,202800.0,-1966.0,93337
Fidelity Wise Origin Bitcoin Fund,,Dec 24 2024,204766.0,-3014.0,95817
Fidelity Wise Origin Bitcoin Fund,,Dec 17 2024,207780.0,590.0,106712
Fidelity Wise Origin Bitcoin Fund,,Dec 15 2024,207190.0,305.0,102501
Fidelity Wise Origin Bitcoin Fund,,Dec 13 2024,206885.0,8849.0,100500
Fidelity Wise Origin Bitcoin Fund,,Dec 02 2024,198036.0,2538.0,96084
Fidelity Wise Origin Bitcoin Fund,,Nov 20 2024,195498.0,5330.0,93375
Fidelity Wise Origin Bitcoin Fund,,Nov 08 2024,190168.0,1754.0,76210
Fidelity Wise Origin Bitcoin Fund,,Oct 29 2024,188414.0,3977.0,71559
Fidelity Wise Origin Bitcoin Fund,,Oct 16 2024,184438.0,4371.0,67474
Fidelity Wise Origin Bitcoin Fund,,Oct 14 2024,180067.0,1733.0,64749
Fidelity Wise Origin Bitcoin Fund,,Sep 26 2024,178334.0,3497.0,64252
Fidelity Wise Origin Bitcoin Fund,,Sep 13 2024,174837.0,-677.7,58732
Fidelity Wise Origin Bitcoin Fund,,Sep 03 2024,175515.0,-3578.0,58626
Fidelity Wise Origin Bitcoin Fund,,Aug 28 2024,179093.0,-174.9,59330
Fidelity Wise Origin Bitcoin Fund,,Aug 27 2024,179268.0,-131.2,62211
Fidelity Wise Origin Bitcoin Fund,,Aug 23 2024,179399.0,1005.0,61782
Fidelity Wise Origin Bitcoin Fund,,Aug 22 2024,178394.0,153.0,60710
Fidelity Wise Origin Bitcoin Fund,,Aug 21 2024,178241.0,174.9,59868
Fidelity Wise Origin Bitcoin Fund,,Aug 19 2024,178066.0,65.58,58694
Fidelity Wise Origin Bitcoin Fund,,Aug 16 2024,178000.0,1027.0,58474
Fidelity Wise Origin Bitcoin Fund,,Aug 15 2024,176973.0,284.2,58428
Fidelity Wise Origin Bitcoin Fund,,Aug 14 2024,176689.0,-306.0,60183
Fidelity Wise Origin Bitcoin Fund,,Aug 13 2024,176995.0,371.6,59744
Fidelity Wise Origin Bitcoin Fund,,Aug 09 2024,176623.0,-327.9,60749
Fidelity Wise Origin Bitcoin Fund,,Aug 08 2024,176951.0,1093.0,58203
Fidelity Wise Origin Bitcoin Fund,,Aug 07 2024,175858.0,-1137.0,56375
Fidelity Wise Origin Bitcoin Fund,,Aug 05 2024,176995.0,-1093.0,53534
Fidelity Wise Origin Bitcoin Fund,,Aug 02 2024,178088.0,-1661.0,63830
Fidelity Wise Origin Bitcoin Fund,,Aug 01 2024,179749.0,-1290.0,64168
Fidelity Wise Origin Bitcoin Fund,,Jul 29 2024,181039.0,-87.46,68609
Fidelity Wise Origin Bitcoin Fund,,Jul 26 2024,181127.0,65.58,67281
Fidelity Wise Origin Bitcoin Fund,,Jul 25 2024,181061.0,21.97,64614
Fidelity Wise Origin Bitcoin Fund,,Jul 22 2024,181039.0,349.7,67590
Fidelity Wise Origin Bitcoin Fund,,Jul 19 2024,180689.0,2099.0,65071
Fidelity Wise Origin Bitcoin Fund,,Jul 18 2024,178591.0,43.73,64346
Fidelity Wise Origin Bitcoin Fund,,Jul 17 2024,178547.0,43.72,65041
Fidelity Wise Origin Bitcoin Fund,,Jul 16 2024,178503.0,940.1,64197
Fidelity Wise Origin Bitcoin Fund,,Jul 15 2024,177563.0,568.4,62943
Fidelity Wise Origin Bitcoin Fund,,Jul 12 2024,176995.0,1989.0,57501
Fidelity Wise Origin Bitcoin Fund,,Jul 11 2024,175005.0,568.4,57912
Fidelity Wise Origin Bitcoin Fund,,Jul 10 2024,174437.0,1006.0,58120
Fidelity Wise Origin Bitcoin Fund,,Jul 09 2024,173431.0,1574.0,57441
Fidelity Wise Origin Bitcoin Fund,,Jul 08 2024,171857.0,1093.0,56259
Fidelity Wise Origin Bitcoin Fund,,Jul 05 2024,170764.0,2077.0,55780
Fidelity Wise Origin Bitcoin Fund,,Jul 03 2024,168687.0,109.3,60587
Fidelity Wise Origin Bitcoin Fund,,Jul 02 2024,168578.0,87.44,62482
Fidelity Wise Origin Bitcoin Fund,,Jul 01 2024,168490.0,1028.0,63090
Fidelity Wise Origin Bitcoin Fund,,Jun 28 2024,167463.0,-437.2,61159
Fidelity Wise Origin Bitcoin Fund,,Jun 27 2024,167900.0,109.3,61290
Fidelity Wise Origin Bitcoin Fund,,Jun 26 2024,167791.0,262.3,61441
Fidelity Wise Origin Bitcoin Fund,,Jun 25 2024,167528.0,765.2,61325
Fidelity Wise Origin Bitcoin Fund,,Jun 24 2024,166763.0,-612.1,61482
Fidelity Wise Origin Bitcoin Fund,,Jun 21 2024,167375.0,-699.6,64212
Fidelity Wise Origin Bitcoin Fund,,Jun 20 2024,168075.0,-2077.0,65303
Fidelity Wise Origin Bitcoin Fund,,Jun 17 2024,170152.0,-1377.0,66213
Fidelity Wise Origin Bitcoin Fund,,Jun 14 2024,171529.0,-1224.0,66508
Fidelity Wise Origin Bitcoin Fund,,Jun 13 2024,172753.0,-1596.0,67383
Fidelity Wise Origin Bitcoin Fund,,Jun 12 2024,174349.0,743.3,68209
Fidelity Wise Origin Bitcoin Fund,,Jun 11 2024,173606.0,-109.3,67518
Fidelity Wise Origin Bitcoin Fund,,Jun 10 2024,173715.0,-43.73,69627
Fidelity Wise Origin Bitcoin Fund,,Jun 06 2024,173759.0,44.06,71020
Fidelity Wise Origin Bitcoin Fund,,Jun 05 2024,173715.0,3105.0,71038
Fidelity Wise Origin Bitcoin Fund,,Jun 04 2024,170610.0,5378.0,69618
Fidelity Wise Origin Bitcoin Fund,,Jun 03 2024,165232.0,1115.0,68964
Fidelity Wise Origin Bitcoin Fund,,May 31 2024,164117.0,86.53,68005
Fidelity Wise Origin Bitcoin Fund,,May 30 2024,164030.0,1727.0,68181
Fidelity Wise Origin Bitcoin Fund,,May 29 2024,162303.0,262.0,67936
Fidelity Wise Origin Bitcoin Fund,,May 28 2024,162041.0,503.0,68248
Fidelity Wise Origin Bitcoin Fund,,May 24 2024,161538.0,633.8,67937
Fidelity Wise Origin Bitcoin Fund,,May 23 2024,160904.0,284.2,68756
Fidelity Wise Origin Bitcoin Fund,,May 22 2024,160620.0,1072.0,69806
Fidelity Wise Origin Bitcoin Fund,,May 21 2024,159548.0,370.9,70551
Fidelity Wise Origin Bitcoin Fund,,May 20 2024,159177.0,919.1,67619
Fidelity Wise Origin Bitcoin Fund,,May 17 2024,158258.0,1486.0,66276
Fidelity Wise Origin Bitcoin Fund,,May 16 2024,156772.0,1027.0,65803
Fidelity Wise Origin Bitcoin Fund,,May 15 2024,155745.0,1989.0,63570
Fidelity Wise Origin Bitcoin Fund,,May 14 2024,153755.0,131.3,61942
Fidelity Wise Origin Bitcoin Fund,,May 13 2024,153624.0,612.0,62355
Fidelity Wise Origin Bitcoin Fund,,May 10 2024,153012.0,87.44,62125
Fidelity Wise Origin Bitcoin Fund,,May 09 2024,152925.0,43.73,61780
Fidelity Wise Origin Bitcoin Fund,,May 07 2024,152881.0,65.86,63525
Fidelity Wise Origin Bitcoin Fund,,May 06 2024,152815.0,1574.0,63933
Fidelity Wise Origin Bitcoin Fund,,May 03 2024,151241.0,1662.0,60659
Fidelity Wise Origin Bitcoin Fund,,May 01 2024,149580.0,-3323.0,58309
Fidelity Wise Origin Bitcoin Fund,,Apr 30 2024,152903.0,-590.3,61827
Fidelity Wise Origin Bitcoin Fund,,Apr 29 2024,153493.0,-109.3,62792
Fidelity Wise Origin Bitcoin Fund,,Apr 26 2024,153602.0,-43.72,64167
Fidelity Wise Origin Bitcoin Fund,,Apr 25 2024,153646.0,-349.8,64223
Fidelity Wise Origin Bitcoin Fund,,Apr 24 2024,153996.0,87.45,65770
Fidelity Wise Origin Bitcoin Fund,,Apr 23 2024,153908.0,66.38,66518
Fidelity Wise Origin Bitcoin Fund,,Apr 22 2024,153842.0,523.9,66063
Fidelity Wise Origin Bitcoin Fund,,Apr 19 2024,153318.0,852.6,63797
Fidelity Wise Origin Bitcoin Fund,,Apr 18 2024,152465.0,590.3,62454
Fidelity Wise Origin Bitcoin Fund,,Apr 16 2024,151875.0,22.22,63063
Fidelity Wise Origin Bitcoin Fund,,Apr 11 2024,151853.0,66.0,70465
Fidelity Wise Origin Bitcoin Fund,,Apr 10 2024,151787.0,1093.0,69236
Fidelity Wise Origin Bitcoin Fund,,Apr 09 2024,150694.0,44.0,70192
Fidelity Wise Origin Bitcoin Fund,,Apr 08 2024,150650.0,87.0,71103
Fidelity Wise Origin Bitcoin Fund,,Apr 05 2024,150563.0,1224.0,67549
Fidelity Wise Origin Bitcoin Fund,,Apr 04 2024,149339.0,1552.0,66968
Fidelity Wise Origin Bitcoin Fund,,Apr 03 2024,147787.0,1771.0,66098
Fidelity Wise Origin Bitcoin Fund,,Apr 02 2024,146016.0,678.0,66438
Fidelity Wise Origin Bitcoin Fund,,Apr 01 2024,145338.0,633.5,69788
Fidelity Wise Origin Bitcoin Fund,,Mar 28 2024,144704.0,961.9,70407
Fidelity Wise Origin Bitcoin Fund,,Mar 27 2024,143743.0,22.55,69776
Fidelity Wise Origin Bitcoin Fund,,Mar 26 2024,143720.0,4001.0,70339
Fidelity Wise Origin Bitcoin Fund,,Mar 25 2024,139719.0,3694.0,68341
Fidelity Wise Origin Bitcoin Fund,,Mar 22 2024,136025.0,284.3,64715
Fidelity Wise Origin Bitcoin Fund,,Mar 21 2024,135741.0,44.0,66707
Fidelity Wise Origin Bitcoin Fund,,Mar 20 2024,135697.0,197.0,63888
Fidelity Wise Origin Bitcoin Fund,,Mar 19 2024,135500.0,612.0,64393
Fidelity Wise Origin Bitcoin Fund,,Mar 18 2024,134888.0,87.0,67804
Fidelity Wise Origin Bitcoin Fund,,Mar 15 2024,134801.0,2230.0,68637
Fidelity Wise Origin Bitcoin Fund,,Mar 14 2024,132571.0,197.0,72217
Fidelity Wise Origin Bitcoin Fund,,Mar 13 2024,132374.0,3848.0,72746
Fidelity Wise Origin Bitcoin Fund,,Mar 12 2024,128526.0,721.0,71694
Fidelity Wise Origin Bitcoin Fund,,Mar 11 2024,127805.0,2973.0,70994
Fidelity Wise Origin Bitcoin Fund,,Mar 08 2024,124832.0,1880.0,67809
Fidelity Wise Origin Bitcoin Fund,,Mar 07 2024,122952.0,6975.0,66865
Fidelity Wise Origin Bitcoin Fund,,Mar 06 2024,115977.0,3060.0,65975
Fidelity Wise Origin Bitcoin Fund,,Mar 05 2024,112917.0,2012.0,66243
Fidelity Wise Origin Bitcoin Fund,,Mar 04 2024,110905.0,5989.0,65368
Fidelity Wise Origin Bitcoin Fund,,Mar 01 2024,104916.0,787.7,61884
Fidelity Wise Origin Bitcoin Fund,,Feb 29 2024,104128.0,720.8,62077
Fidelity Wise Origin Bitcoin Fund,,Feb 28 2024,103407.0,4067.0,59282
Fidelity Wise Origin Bitcoin Fund,,Feb 27 2024,99340.0,2208.0,56480
Fidelity Wise Origin Bitcoin Fund,,Feb 26 2024,97132.0,4459.0,52328
Fidelity Wise Origin Bitcoin Fund,,Feb 23 2024,92673.0,1028.0,51116
Fidelity Wise Origin Bitcoin Fund,,Feb 22 2024,91645.0,3061.0,51600
Fidelity Wise Origin Bitcoin Fund,,Feb 21 2024,88584.0,1027.0,51503
Fidelity Wise Origin Bitcoin Fund,,Feb 20 2024,87557.0,1377.0,51895
Fidelity Wise Origin Bitcoin Fund,,Feb 16 2024,86180.0,2252.0,52057
Fidelity Wise Origin Bitcoin Fund,,Feb 15 2024,83928.0,1880.0,52093
Fidelity Wise Origin Bitcoin Fund,,Feb 14 2024,82048.0,2296.0,50837
Fidelity Wise Origin Bitcoin Fund,,Feb 13 2024,79752.0,3323.0,49622
Fidelity Wise Origin Bitcoin Fund,,Feb 12 2024,76429.0,3038.0,48750
Fidelity Wise Origin Bitcoin Fund,,Feb 09 2024,73391.0,3958.0,46755
Fidelity Wise Origin Bitcoin Fund,,Feb 08 2024,69433.0,2820.0,44889
Fidelity Wise Origin Bitcoin Fund,,Feb 07 2024,66613.0,2951.0,43269
Fidelity Wise Origin Bitcoin Fund,,Feb 06 2024,63662.0,875.0,42946
Fidelity Wise Origin Bitcoin Fund,,Feb 05 2024,62787.0,896.0,42778
Fidelity Wise Origin Bitcoin Fund,,Feb 03 2024,61891.0,1837.0,43120
Fidelity Wise Origin Bitcoin Fund,,Feb 02 2024,60054.0,830.0,43068
Fidelity Wise Origin Bitcoin Fund,,Feb 01 2024,59224.0,5422.0,42450
Fidelity Wise Origin Bitcoin Fund,,Jan 31 2024,53802.0,2733.0,42930
Fidelity Wise Origin Bitcoin Fund,,Jan 30 2024,51069.0,4831.0,43434
Fidelity Wise Origin Bitcoin Fund,,Jan 29 2024,46238.0,2383.0,42501
Fidelity Wise Origin Bitcoin Fund,,Jan 26 2024,43855.0,2536.0,40944
Fidelity Wise Origin Bitcoin Fund,,Jan 25 2024,41319.0,3170.0,39959
Fidelity Wise Origin Bitcoin Fund,,Jan 24 2024,38149.0,4022.0,39923
Fidelity Wise Origin Bitcoin Fund,,Jan 23 2024,34127.0,3957.0,39426
Fidelity Wise Origin Bitcoin Fund,,Jan 20 2024,30170.0,5312.0,41644
Fidelity Wise Origin Bitcoin Fund,,Jan 19 2024,24857.0,4351.0,41293
Fidelity Wise Origin Bitcoin Fund,,Jan 18 2024,20507.0,8395.0,42250
Fidelity Wise Origin Bitcoin Fund,,Jan 17 2024,12112.0,2361.0,42734
Fidelity Wise Origin Bitcoin Fund,,Jan 13 2024,9750.0,4460.0,42921
Fidelity Wise Origin Bitcoin Fund,,Jan 12 2024,5291.0,5290.0,45136
Fidelity Wise Origin Bitcoin Fund,,Jan 11 2024,1.0,1.0,46600
Core Scientific,,Jan 13 2025,640.0,46.0,93018
Core Scientific,,Jan 10 2025,594.0,151.0,94255
Core Scientific,,Nov 30 2024,443.0,443.0,96710
Grayscale Bitcoin Trust,,Jan 23 2025,202931.0,-311.5,103230
Grayscale Bitcoin Trust,,Jan 18 2025,203242.0,-215.0,103771
Grayscale Bitcoin Trust,,Jan 15 2025,203457.0,-960.0,98035
Grayscale Bitcoin Trust,,Jan 13 2025,204417.0,118.0,93018
Grayscale Bitcoin Trust,,Jan 11 2025,204299.0,-733.0,94413
Grayscale Bitcoin Trust,,Jan 06 2025,205032.0,-246.0,100173
Grayscale Bitcoin Trust,,Jan 03 2025,205278.0,-1557.0,97212
Grayscale Bitcoin Trust,,Dec 31 2024,206835.0,-686.0,93595
Grayscale Bitcoin Trust,,Dec 24 2024,207521.0,-621.0,95817
Grayscale Bitcoin Trust,,Dec 21 2024,208142.0,-1931.0,97733
Grayscale Bitcoin Trust,,Dec 17 2024,210073.0,-1065.0,106712
Grayscale Bitcoin Trust,,Dec 15 2024,211138.0,-493.0,102501
Grayscale Bitcoin Trust,,Dec 13 2024,211631.0,-470.0,100500
Grayscale Bitcoin Trust,,Dec 10 2024,212101.0,-607.0,96951
Grayscale Bitcoin Trust,,Dec 06 2024,212708.0,-2783.0,98986
Grayscale Bitcoin Trust,,Dec 02 2024,215491.0,-2761.0,96084
Grayscale Bitcoin Trust,,Nov 19 2024,218251.0,-996.5,91994
Grayscale Bitcoin Trust,,Nov 08 2024,219248.0,482.7,76210
Grayscale Bitcoin Trust,,Nov 06 2024,218765.0,-1782.0,74125
Grayscale Bitcoin Trust,,Oct 29 2024,220547.0,391.7,71559
Grayscale Bitcoin Trust,,Oct 16 2024,220155.0,675.1,67474
Grayscale Bitcoin Trust,,Oct 14 2024,219480.0,-1469.0,64749
Grayscale Bitcoin Trust,,Sep 26 2024,220949.0,-1138.0,64252
Grayscale Bitcoin Trust,,Sep 13 2024,222086.0,-2664.0,58732
Grayscale Bitcoin Trust,,Sep 04 2024,224751.0,-878.0,57196
Grayscale Bitcoin Trust,,Sep 03 2024,225629.0,-1233.0,58626
Grayscale Bitcoin Trust,,Aug 30 2024,226862.0,-536.8,59142
Grayscale Bitcoin Trust,,Aug 28 2024,227399.0,-313.7,59330
Grayscale Bitcoin Trust,,Aug 26 2024,227712.0,-586.3,63780
Grayscale Bitcoin Trust,,Aug 23 2024,228299.0,-479.9,61782
Grayscale Bitcoin Trust,,Aug 22 2024,228778.0,-168.9,60710
Grayscale Bitcoin Trust,,Aug 21 2024,228947.0,-234.1,59868
Grayscale Bitcoin Trust,,Aug 19 2024,229181.0,-1249.0,58694
Grayscale Bitcoin Trust,,Aug 16 2024,230430.0,-448.2,58474
Grayscale Bitcoin Trust,,Aug 15 2024,230878.0,-974.7,58428
Grayscale Bitcoin Trust,,Aug 14 2024,231853.0,-480.2,60183
Grayscale Bitcoin Trust,,Aug 13 2024,232333.0,-209.0,59744
Grayscale Bitcoin Trust,,Aug 12 2024,232542.0,-1297.0,59032
Grayscale Bitcoin Trust,,Aug 09 2024,233840.0,-3090.0,60749
Grayscale Bitcoin Trust,,Aug 08 2024,236929.0,-568.3,58203
Grayscale Bitcoin Trust,,Aug 07 2024,237497.0,-576.3,56375
Grayscale Bitcoin Trust,,Aug 06 2024,238074.0,-2066.0,55914
Grayscale Bitcoin Trust,,Aug 02 2024,240140.0,-2273.0,63830
Grayscale Bitcoin Trust,,Jul 31 2024,242413.0,-27753.0,66021
Grayscale Bitcoin Trust,,Jul 29 2024,270166.0,-423.6,68609
Grayscale Bitcoin Trust,,Jul 26 2024,270589.0,-623.2,67281
Grayscale Bitcoin Trust,,Jul 25 2024,271212.0,-410.3,64614
Grayscale Bitcoin Trust,,Jul 24 2024,271623.0,-428.1,66102
Grayscale Bitcoin Trust,,Jul 23 2024,272051.0,-11.15,66638
Grayscale Bitcoin Trust,,Jul 22 2024,272062.0,268.3,67590
Grayscale Bitcoin Trust,,Jul 19 2024,271794.0,-366.1,65071
Grayscale Bitcoin Trust,,Jul 18 2024,272160.0,-845.3,64346
Grayscale Bitcoin Trust,,Jul 17 2024,273005.0,-11.19,65041
Grayscale Bitcoin Trust,,Jul 16 2024,273016.0,-11.19,64197
Grayscale Bitcoin Trust,,Jul 15 2024,273027.0,365.9,62943
Grayscale Bitcoin Trust,,Jul 12 2024,272661.0,-668.0,57501
Grayscale Bitcoin Trust,,Jul 11 2024,273329.0,-153.2,57912
Grayscale Bitcoin Trust,,Jul 10 2024,273483.0,-659.2,58120
Grayscale Bitcoin Trust,,Jul 09 2024,274142.0,432.6,57441
Grayscale Bitcoin Trust,,Jul 08 2024,273709.0,-539.8,56259
Grayscale Bitcoin Trust,,Jul 05 2024,274249.0,-475.3,55780
Grayscale Bitcoin Trust,,Jul 03 2024,274724.0,-535.1,60587
Grayscale Bitcoin Trust,,Jul 02 2024,275260.0,-11.28,62482
Grayscale Bitcoin Trust,,Jul 01 2024,275271.0,-486.8,63090
Grayscale Bitcoin Trust,,Jun 28 2024,275758.0,-197.8,61159
Grayscale Bitcoin Trust,,Jun 27 2024,275955.0,59.74,61290
Grayscale Bitcoin Trust,,Jun 26 2024,275896.0,-499.8,61441
Grayscale Bitcoin Trust,,Jun 25 2024,276395.0,-1539.0,61325
Grayscale Bitcoin Trust,,Jun 24 2024,277934.0,-567.8,61482
Grayscale Bitcoin Trust,,Jun 21 2024,278502.0,-828.7,64212
Grayscale Bitcoin Trust,,Jun 20 2024,279330.0,-991.3,65303
Grayscale Bitcoin Trust,,Jun 18 2024,280322.0,-55.91,65232
Grayscale Bitcoin Trust,,Jun 17 2024,280378.0,-834.3,66213
Grayscale Bitcoin Trust,,Jun 14 2024,281212.0,-935.7,66508
Grayscale Bitcoin Trust,,Jun 13 2024,282148.0,-11.56,67383
Grayscale Bitcoin Trust,,Jun 12 2024,282159.0,-1807.0,68209
Grayscale Bitcoin Trust,,Jun 11 2024,283966.0,-580.4,67518
Grayscale Bitcoin Trust,,Jun 10 2024,284546.0,-559.4,69627
Grayscale Bitcoin Trust,,Jun 07 2024,285106.0,-545.0,70656
Grayscale Bitcoin Trust,,Jun 06 2024,285651.0,192.7,71020
Grayscale Bitcoin Trust,,Jun 05 2024,285458.0,388.3,71038
Grayscale Bitcoin Trust,,Jun 04 2024,285070.0,-11.68,69618
Grayscale Bitcoin Trust,,Jun 03 2024,285081.0,-1876.0,68964
Grayscale Bitcoin Trust,,May 31 2024,286957.0,-11.9,68005
Grayscale Bitcoin Trust,,May 30 2024,286969.0,-474.1,68181
Grayscale Bitcoin Trust,,May 29 2024,287443.0,-1550.0,67936
Grayscale Bitcoin Trust,,May 28 2024,288993.0,-47.53,68248
Grayscale Bitcoin Trust,,May 24 2024,289041.0,-215.5,67937
Grayscale Bitcoin Trust,,May 23 2024,289256.0,-244.0,68756
Grayscale Bitcoin Trust,,May 22 2024,289500.0,-10.96,69806
Grayscale Bitcoin Trust,,May 21 2024,289511.0,120.7,70551
Grayscale Bitcoin Trust,,May 20 2024,289390.0,435.9,67619
Grayscale Bitcoin Trust,,May 17 2024,288954.0,59.33,66276
Grayscale Bitcoin Trust,,May 16 2024,288895.0,397.4,65803
Grayscale Bitcoin Trust,,May 15 2024,288498.0,-839.3,63570
Grayscale Bitcoin Trust,,May 14 2024,289337.0,-11.86,61942
Grayscale Bitcoin Trust,,May 13 2024,289349.0,-1735.0,62355
Grayscale Bitcoin Trust,,May 10 2024,291084.0,-706.1,62125
Grayscale Bitcoin Trust,,May 09 2024,291790.0,-11.96,61780
Grayscale Bitcoin Trust,,May 08 2024,291802.0,-465.8,62297
Grayscale Bitcoin Trust,,May 07 2024,292268.0,50.32,63525
Grayscale Bitcoin Trust,,May 06 2024,292218.0,978.9,63933
Grayscale Bitcoin Trust,,May 03 2024,291239.0,-937.7,60659
Grayscale Bitcoin Trust,,May 02 2024,292176.0,-2950.0,58380
Grayscale Bitcoin Trust,,May 01 2024,295126.0,-1588.0,58309
Grayscale Bitcoin Trust,,Apr 30 2024,296714.0,-403.9,61827
Grayscale Bitcoin Trust,,Apr 29 2024,297118.0,-1328.0,62792
Grayscale Bitcoin Trust,,Apr 26 2024,298445.0,-2167.0,64167
Grayscale Bitcoin Trust,,Apr 25 2024,300613.0,-2051.0,64223
Grayscale Bitcoin Trust,,Apr 24 2024,302664.0,-1019.0,65770
Grayscale Bitcoin Trust,,Apr 23 2024,303683.0,-537.9,66518
Grayscale Bitcoin Trust,,Apr 22 2024,304220.0,-749.5,66063
Grayscale Bitcoin Trust,,Apr 19 2024,304970.0,-1429.0,63797
Grayscale Bitcoin Trust,,Apr 18 2024,306399.0,-2195.0,62454
Grayscale Bitcoin Trust,,Apr 17 2024,308594.0,-1278.0,62579
Grayscale Bitcoin Trust,,Apr 16 2024,309871.0,-1750.0,63063
Grayscale Bitcoin Trust,,Apr 15 2024,311621.0,-2524.0,65108
Grayscale Bitcoin Trust,,Apr 12 2024,314145.0,-1786.0,69551
Grayscale Bitcoin Trust,,Apr 11 2024,315931.0,-262.4,70465
Grayscale Bitcoin Trust,,Apr 10 2024,316193.0,-2258.0,69236
Grayscale Bitcoin Trust,,Apr 09 2024,318452.0,-4245.0,70192
Grayscale Bitcoin Trust,,Apr 08 2024,322697.0,-2990.0,71103
Grayscale Bitcoin Trust,,Apr 05 2024,325687.0,-1172.0,67549
Grayscale Bitcoin Trust,,Apr 04 2024,326859.0,-1153.0,66968
Grayscale Bitcoin Trust,,Apr 03 2024,328012.0,-1253.0,66098
Grayscale Bitcoin Trust,,Apr 02 2024,329265.0,-4354.0,66438
Grayscale Bitcoin Trust,,Apr 01 2024,333619.0,-1535.0,69788
Grayscale Bitcoin Trust,,Mar 28 2024,335154.0,-4382.0,70407
Grayscale Bitcoin Trust,,Mar 27 2024,339536.0,-3072.0,69776
Grayscale Bitcoin Trust,,Mar 26 2024,342608.0,-4944.0,70339
Grayscale Bitcoin Trust,,Mar 25 2024,347552.0,-2700.0,68341
Grayscale Bitcoin Trust,,Mar 22 2024,350252.0,-5507.0,64715
Grayscale Bitcoin Trust,,Mar 21 2024,355759.0,-5900.0,66707
Grayscale Bitcoin Trust,,Mar 20 2024,361659.0,-6899.0,63888
Grayscale Bitcoin Trust,,Mar 19 2024,368558.0,-9611.0,64393
Grayscale Bitcoin Trust,,Mar 18 2024,378169.0,-2071.0,67804
Grayscale Bitcoin Trust,,Mar 15 2024,380241.0,-3726.0,68637
Grayscale Bitcoin Trust,,Mar 14 2024,383967.0,-3780.0,72217
Grayscale Bitcoin Trust,,Mar 13 2024,387747.0,-1122.0,72746
Grayscale Bitcoin Trust,,Mar 12 2024,388869.0,-6876.0,71694
Grayscale Bitcoin Trust,,Mar 11 2024,395745.0,-4421.0,70994
Grayscale Bitcoin Trust,,Mar 08 2024,400165.0,-5548.0,67809
Grayscale Bitcoin Trust,,Mar 07 2024,405713.0,-4130.0,66865
Grayscale Bitcoin Trust,,Mar 06 2024,409843.0,-5388.0,65975
Grayscale Bitcoin Trust,,Mar 05 2024,415232.0,-5451.0,66243
Grayscale Bitcoin Trust,,Mar 04 2024,420683.0,-7861.0,65368
Grayscale Bitcoin Trust,,Mar 01 2024,428544.0,-9665.0,61884
Grayscale Bitcoin Trust,,Feb 29 2024,438209.0,-3606.0,62077
Grayscale Bitcoin Trust,,Feb 28 2024,441815.0,-2223.0,59282
Grayscale Bitcoin Trust,,Feb 27 2024,444037.0,-428.8,56480
Grayscale Bitcoin Trust,,Feb 26 2024,444466.0,-920.6,52328
Grayscale Bitcoin Trust,,Feb 23 2024,445387.0,-1089.0,51116
Grayscale Bitcoin Trust,,Feb 22 2024,446476.0,-3929.0,51600
Grayscale Bitcoin Trust,,Feb 21 2024,450405.0,-2652.0,51503
Grayscale Bitcoin Trust,,Feb 20 2024,453057.0,-2977.0,51895
Grayscale Bitcoin Trust,,Feb 16 2024,456034.0,-3394.0,52057
Grayscale Bitcoin Trust,,Feb 15 2024,459428.0,-2555.0,52093
Grayscale Bitcoin Trust,,Feb 14 2024,461983.0,-1492.0,50837
Grayscale Bitcoin Trust,,Feb 13 2024,463475.0,-1912.0,49622
Grayscale Bitcoin Trust,,Feb 12 2024,465388.0,-1147.0,48750
Grayscale Bitcoin Trust,,Feb 09 2024,466535.0,-2252.0,46755
Grayscale Bitcoin Trust,,Feb 08 2024,468787.0,-1850.0,44889
Grayscale Bitcoin Trust,,Feb 07 2024,470637.0,-1708.0,43269
Grayscale Bitcoin Trust,,Feb 06 2024,472345.0,-2565.0,42946
Grayscale Bitcoin Trust,,Feb 05 2024,474910.0,-3427.0,42778
Grayscale Bitcoin Trust,,Feb 03 2024,478337.0,-4255.0,43120
Grayscale Bitcoin Trust,,Feb 02 2024,482592.0,-4434.0,43068
Grayscale Bitcoin Trust,,Feb 01 2024,487026.0,-5086.0,42450
Grayscale Bitcoin Trust,,Jan 31 2024,492112.0,-4461.0,42930
Grayscale Bitcoin Trust,,Jan 30 2024,496573.0,-6140.0,43434
Grayscale Bitcoin Trust,,Jan 27 2024,502713.0,-9932.0,41870
Grayscale Bitcoin Trust,,Jan 26 2024,512645.0,-10872.0,40944
Grayscale Bitcoin Trust,,Jan 25 2024,523516.0,-13179.0,39959
Grayscale Bitcoin Trust,,Jan 24 2024,536695.0,-15986.0,39923
Grayscale Bitcoin Trust,,Jan 23 2024,552681.0,-14292.0,39426
Grayscale Bitcoin Trust,,Jan 20 2024,566973.0,-14301.0,41644
Grayscale Bitcoin Trust,,Jan 19 2024,581274.0,-10824.0,41293
Grayscale Bitcoin Trust,,Jan 18 2024,592098.0,-13793.0,42250
Grayscale Bitcoin Trust,,Jan 17 2024,605891.0,-11189.0,42734
Grayscale Bitcoin Trust,,Jan 13 2024,617080.0,-2082.0,42921
Grayscale Bitcoin Trust,,Jan 12 2024,619162.0,-2337.0,45136
Grayscale Bitcoin Trust,,Nov 03 2023,621499.0,-1158.0,34564
Grayscale Bitcoin Trust,,Sep 30 2023,622657.0,-3147.0,26917
Grayscale Bitcoin Trust,,Jun 30 2023,625804.0,-3128.0,30467
Grayscale Bitcoin Trust,,Mar 31 2023,628932.0,-3109.0,28041
Grayscale Bitcoin Trust,,Dec 31 2022,632042.0,-3194.0,16604
Grayscale Bitcoin Trust,,Sep 30 2022,635236.0,-3210.0,19564
Grayscale Bitcoin Trust,,Jun 30 2022,638446.0,-3192.0,20109
Grayscale Bitcoin Trust,,Mar 30 2022,641638.0,-3172.0,47459
Grayscale Bitcoin Trust,,Dec 31 2021,644810.0,-3259.0,47192
Grayscale Bitcoin Trust,,Sep 30 2021,648069.0,-3275.0,41588
Grayscale Bitcoin Trust,,Jun 30 2021,651344.0,-3256.0,35969
Grayscale Bitcoin Trust,,Mar 31 2021,654600.0,47561.0,58669
Grayscale Bitcoin Trust,,Dec 31 2020,607039.0,157248.0,28837
Grayscale Bitcoin Trust,,Sep 30 2020,449791.0,63068.0,10838
Grayscale Bitcoin Trust,,Jun 30 2020,386723.0,82092.0,9185
Grayscale Bitcoin Trust,,Mar 31 2020,304631.0,43439.0,6403
Grayscale Bitcoin Trust,,Dec 31 2019,261192.0,56915.0,7240
Grayscale Bitcoin Trust,,Dec 31 2018,204277.0,28438.0,3810
Grayscale Bitcoin Trust,,Dec 31 2017,175839.0,3744.0,14840
Grayscale Bitcoin Trust,,Dec 31 2016,172095.0,30993.0,967
Grayscale Bitcoin Trust,,Dec 31 2015,141101.0,6324.0,431
Grayscale Bitcoin Trust,,Dec 31 2014,134777.0,65043.0,317
Grayscale Bitcoin Trust,,Dec 31 2013,69735.0,51935.0,755
Grayscale Bitcoin Trust,,Sep 25 2013,17800.0,17800.0,128
Mt. Gox,,Sep 19 2024,44899.0,-1265.0,â
Mt. Gox,,Aug 08 2024,46164.0,13265.0,â
Mt. Gox,,Jul 31 2024,32899.0,-47229.0,â
Mt. Gox,,Jul 30 2024,80128.0,0.0,â
Mt. Gox,,Jul 25 2024,80128.0,-10216.0,â
Mt. Gox,,Jul 23 2024,90344.0,0.0,â
Mt. Gox,,Jul 17 2024,90344.0,-48656.0,â
Mt. Gox,,Jul 16 2024,139000.0,-2686.0,â
Mt. Gox,,Sep 14 2022,141686.0,141686.0,68576024
Semler Scientific,,Jan 13 2025,2321.0,237.0,191917000
Semler Scientific,,Dec 15 2024,2084.0,211.0,168598790
Semler Scientific,,Dec 05 2024,1873.0,303.0,147100000
Semler Scientific,,Nov 22 2024,1570.0,297.0,117811230
Semler Scientific,,Nov 15 2024,1273.0,215.0,88705186
Semler Scientific,,Nov 04 2024,1058.0,46.0,71000000
Semler Scientific,,Aug 26 2024,1012.0,83.0,68000000
Semler Scientific,,Aug 05 2024,929.0,52.0,63000000
Semler Scientific,,Jun 30 2024,877.0,49.0,60000000
Semler Scientific,,Jun 06 2024,828.0,247.0,57000000
Semler Scientific,,May 28 2024,581.0,581.0,40000000
Canaan Inc.,,Sep 30 2024,1231.0,174.0,â
Canaan Inc.,,Mar 31 2024,1057.0,147.8,â
Canaan Inc.,,Dec 31 2023,909.2,49.2,â
Canaan Inc.,,Sep 30 2023,860.0,860.0,30000000
Tether Holdings,,Dec 31 2024,83759.0,1305.0,93595
Tether Holdings,,Oct 27 2024,82454.0,7100.0,67405
Tether Holdings,,Apr 01 2024,75354.0,8889.0,69788
Tether Holdings,,Jan 01 2024,66465.0,8889.0,42882
Tether Holdings,,Oct 01 2023,57576.0,2554.0,26970
Tether Holdings,,Jul 01 2023,55022.0,1530.0,30481
Tether Holdings,,Apr 01 2023,53492.0,15916.0,28517
Tether Holdings,,Dec 29 2022,37577.0,3596.0,16539
Tether Holdings,,Oct 01 2022,33981.0,33981.0,19477
Xapo,,Aug 31 2023,38931.0,38931.0,27297
Mt.Gox,,Sep 19 2024,44899.0,-1265.0,â
Mt.Gox,,Aug 08 2024,46164.0,13265.0,â
Mt.Gox,,Jul 31 2024,32899.0,-47229.0,â
Mt.Gox,,Jul 30 2024,80128.0,0.0,â
Mt.Gox,,Jul 25 2024,80128.0,-10216.0,â
Mt.Gox,,Jul 23 2024,90344.0,0.0,â
Mt.Gox,,Jul 17 2024,90344.0,-48656.0,â
Mt.Gox,,Jul 16 2024,139000.0,-2686.0,â
Mt.Gox,,Sep 14 2022,141686.0,141686.0,68576024
SpaceX,,Sep 03 2024,8285.0,8285.0,58626
SpaceX,,Dec 31 2022,0.0,-25724.0,16604
SpaceX,,Feb 01 2021,25724.0,25724.0,33065
Tezos Foundation,,Mar 27 2024,4247.0,-1922.0,69776
Tezos Foundation,,Jun 30 2023,6169.0,-2171.0,30467
Tezos Foundation,,Dec 31 2022,8340.0,-16468.0,16604
Tezos Foundation,,Sep 14 2022,24808.0,24808.0,20185
Relai,,Dec 20 2024,30.0,28.9,96396
Relai,,May 17 2024,1.1,1.1,66276
Pepperoni Software,,May 24 2023,17.6,17.6,438993
Bitcoin Association Switzerland,,Nov 18 2022,15.02,2.617,16718
Bitcoin Association Switzerland,,Dec 29 2017,12.4,12.4,15097
Metcalf Paint LLC,,Sep 25 2024,14.99,0.908,409314
Metcalf Paint LLC,,Jul 05 2024,14.08,14.08,25293
JAN3,,Jan 03 2025,12.0,12.0,1000000
Blockhenge,,Feb 02 2024,3.0,3.0,126000
San Antonio Elite Chiropractic,,Jul 30 2024,1.108,1.108,68821
WFMU,,Sep 25 2024,1.082,1.082,63784
United States Government,,Dec 04 2024,198109.0,9800.0,â
United States Government,,Dec 02 2024,188309.0,-19800.0,â
United States Government,,Nov 05 2024,208109.0,4870.0,â
United States Government,,Aug 15 2024,203239.0,-10007.0,â
United States Government,,Apr 02 2024,213246.0,-1754.0,â
United States Government,,Jan 12 2024,215000.0,173509.0,â
United States Government,,Mar 14 2023,41491.0,-9861.0,877550453
United States Government,,Nov 04 2022,51352.0,-43284.0,1086119343
United States Government,,Jan 31 2022,94636.0,25266.0,â
United States Government,,Nov 03 2020,69370.0,69370.0,â
China Government,,Jan 04 2024,190000.0,190000.0,43541
China Government,,Mar 10 2020,0.0,0.0,7921
United Kingdom Government,,Sep 17 2024,61245.0,245.0,59376
United Kingdom Government,,Jan 30 2024,61000.0,61000.0,43434
Ukraine Government,,Sep 14 2022,46351.0,46351.0,20185
Bhutan Government,,Jan 23 2025,11523.0,468.0,103230
Bhutan Government,,Jan 17 2025,11055.0,-633.0,102780
Bhutan Government,,Dec 10 2024,11688.0,-103.0,96951
Bhutan Government,,Dec 09 2024,11791.0,-420.0,98543
Bhutan Government,,Nov 27 2024,12211.0,-7.0,94258
Bhutan Government,,Nov 21 2024,12218.0,11.0,97084
Bhutan Government,,Nov 16 2024,12207.0,1.0,91059
Bhutan Government,,Nov 14 2024,12206.0,-372.0,89721
Bhutan Government,,Nov 13 2024,12578.0,4.0,88990
Bhutan Government,,Nov 12 2024,12574.0,6.0,87933
Bhutan Government,,Nov 11 2024,12568.0,27.0,83102
Bhutan Government,,Nov 07 2024,12541.0,10.0,75411
Bhutan Government,,Nov 06 2024,12531.0,9.358,74125
Bhutan Government,,Nov 05 2024,12522.0,65.64,68984
Bhutan Government,,Oct 29 2024,12456.0,-839.0,71559
Bhutan Government,,Oct 17 2024,13295.0,129.0,67251
Bhutan Government,,Oct 03 2024,13166.0,166.0,60808
Bhutan Government,,Sep 18 2024,13000.0,-11.0,60169
Bhutan Government,,Sep 17 2024,13011.0,-18.0,59376
Bhutan Government,,Sep 16 2024,13029.0,18.0,58423
Bhutan Government,,Sep 16 2024,13011.0,12390.0,58423
Bhutan Government,,Jan 18 2024,621.0,621.0,42250
El Salvador Government,,Feb 01 2025,6055.0,5.0,â
El Salvador Government,,Jan 31 2025,6050.0,1.0,â
El Salvador Government,,Jan 29 2025,6049.0,1.0,â
El Salvador Government,,Jan 28 2025,6048.0,1.0,â
El Salvador Government,,Jan 25 2025,6047.0,1.0,â
El Salvador Government,,Jan 24 2025,6046.0,1.0,â
El Salvador Government,,Jan 22 2025,6045.0,1.0,â
El Salvador Government,,Jan 21 2025,6044.0,1.0,â
El Salvador Government,,Jan 20 2025,6043.0,11.0,â
El Salvador Government,,Jan 19 2025,6032.0,1.0,â
El Salvador Government,,Jan 18 2025,6031.0,1.0,â
El Salvador Government,,Jan 17 2025,6030.0,1.0,â
El Salvador Government,,Jan 16 2025,6029.0,2.0,â
El Salvador Government,,Jan 14 2025,6027.0,1.0,â
El Salvador Government,,Jan 13 2025,6026.0,1.0,â
El Salvador Government,,Jan 12 2025,6025.0,1.0,â
El Salvador Government,,Jan 11 2025,6024.0,1.0,â
El Salvador Government,,Jan 10 2025,6023.0,1.0,â
El Salvador Government,,Jan 09 2025,6022.0,11.0,â
El Salvador Government,,Jan 08 2025,6011.0,1.0,â
El Salvador Government,,Jan 07 2025,6010.0,1.0,â
El Salvador Government,,Jan 05 2025,6009.0,2.0,â
El Salvador Government,,Jan 04 2025,6007.0,1.0,â
El Salvador Government,,Jan 03 2025,6006.0,1.0,â
El Salvador Government,,Jan 02 2025,6005.0,1.0,â
El Salvador Government,,Jan 01 2025,6004.0,1.0,â
El Salvador Government,,Dec 31 2024,6003.0,1.0,â
El Salvador Government,,Dec 30 2024,6002.0,1.0,â
El Salvador Government,,Dec 29 2024,6001.0,1.0,â
El Salvador Government,,Dec 28 2024,6000.0,1.0,â
El Salvador Government,,Dec 26 2024,5999.0,1.0,â
El Salvador Government,,Dec 25 2024,5998.0,2.0,â
El Salvador Government,,Dec 24 2024,5996.0,1.0,â
El Salvador Government,,Dec 23 2024,5995.0,1.0,â
El Salvador Government,,Dec 22 2024,5994.0,12.0,â
El Salvador Government,,Dec 21 2024,5982.0,1.0,â
El Salvador Government,,Dec 20 2024,5981.0,12.0,â
El Salvador Government,,Dec 19 2024,5969.0,1.0,â
El Salvador Government,,Dec 18 2024,5968.0,1.0,â
El Salvador Government,,Dec 17 2024,5967.0,1.0,â
El Salvador Government,,Dec 16 2024,5966.0,1.0,â
El Salvador Government,,Dec 15 2024,5965.0,1.0,â
El Salvador Government,,Dec 14 2024,5964.0,1.0,â
El Salvador Government,,Dec 12 2024,5963.0,2.0,â
El Salvador Government,,Dec 11 2024,5961.0,1.0,â
El Salvador Government,,Dec 10 2024,5960.0,1.0,â
El Salvador Government,,Dec 09 2024,5959.0,1.0,â
El Salvador Government,,Dec 08 2024,5958.0,1.0,â
El Salvador Government,,Dec 07 2024,5957.0,1.0,â
El Salvador Government,,Dec 06 2024,5956.0,1.0,â
El Salvador Government,,Dec 05 2024,5955.0,1.0,â
El Salvador Government,,Dec 04 2024,5954.0,1.0,â
El Salvador Government,,Dec 03 2024,5953.0,2.0,â
El Salvador Government,,Dec 02 2024,5951.0,1.0,â
El Salvador Government,,Nov 30 2024,5950.0,1.0,â
El Salvador Government,,Nov 29 2024,5949.0,1.0,â
El Salvador Government,,Nov 28 2024,5948.0,1.0,â
El Salvador Government,,Nov 27 2024,5947.0,1.0,â
El Salvador Government,,Nov 26 2024,5946.0,1.0,â
El Salvador Government,,Nov 25 2024,5945.0,1.0,â
El Salvador Government,,Nov 24 2024,5944.0,1.0,â
El Salvador Government,,Nov 23 2024,5943.0,1.0,â
El Salvador Government,,Nov 22 2024,5942.0,1.0,â
El Salvador Government,,Nov 21 2024,5941.0,1.0,â
El Salvador Government,,Nov 20 2024,5940.0,1.0,â
El Salvador Government,,Nov 19 2024,5939.0,1.0,â
El Salvador Government,,Nov 18 2024,5938.0,1.0,â
El Salvador Government,,Nov 17 2024,5937.0,1.0,â
El Salvador Government,,Nov 16 2024,5936.0,1.0,â
El Salvador Government,,Nov 15 2024,5935.0,1.0,â
El Salvador Government,,Nov 14 2024,5934.0,1.0,â
El Salvador Government,,Nov 13 2024,5933.0,1.0,â
El Salvador Government,,Nov 12 2024,5932.0,1.0,â
El Salvador Government,,Nov 10 2024,5931.0,2.0,â
El Salvador Government,,Nov 09 2024,5929.0,1.0,â
El Salvador Government,,Nov 08 2024,5928.0,1.0,â
El Salvador Government,,Nov 07 2024,5927.0,1.0,â
El Salvador Government,,Nov 06 2024,5926.0,1.0,â
El Salvador Government,,Nov 05 2024,5925.0,1.0,â
El Salvador Government,,Nov 04 2024,5924.0,1.0,â
El Salvador Government,,Nov 03 2024,5923.0,1.0,â
El Salvador Government,,Nov 02 2024,5922.0,1.0,â
El Salvador Government,,Oct 31 2024,5921.0,1.0,â
El Salvador Government,,Oct 30 2024,5920.0,2.0,â
El Salvador Government,,Oct 29 2024,5918.0,12.0,â
El Salvador Government,,Oct 17 2024,5906.0,106.0,â
El Salvador Government,,Jul 04 2024,5800.0,21.0,â
El Salvador Government,,Jun 13 2024,5779.0,28.24,388873683
El Salvador Government,,May 14 2024,5751.0,49.01,â
El Salvador Government,,Mar 20 2024,5702.0,10.01,â
El Salvador Government,,Mar 17 2024,5692.0,2.741,â
El Salvador Government,,Mar 14 2024,5689.0,3308.0,â
El Salvador Government,,Jul 01 2022,2381.0,80.0,107155283
El Salvador Government,,May 09 2022,2301.0,500.0,105635283
El Salvador Government,,Jan 21 2022,1801.0,410.0,90263283
El Salvador Government,,Dec 22 2021,1391.0,21.0,75263283
El Salvador Government,,Dec 04 2021,1370.0,150.0,74235657
El Salvador Government,,Nov 26 2021,1220.0,100.0,66935157
El Salvador Government,,Oct 27 2021,1120.0,420.0,61041612
El Salvador Government,,Sep 20 2021,700.0,150.0,35696641
El Salvador Government,,Sep 07 2021,550.0,150.0,28609234
El Salvador Government,,Sep 06 2021,400.0,200.0,20707624
El Salvador Government,,Sep 06 2021,200.0,200.0,10353812
